Designator,Mid X,Mid Y,Rotation,Layer
J1_2,155.191253,-86.995001,0.0,top
J1,175.384253,-69.088001,0.0,top
J12,196.466253,-85.318601,0.0,top
J13,113.916253,-85.217001,0.0,top
J2,176.908253,-69.088001,0.0,top
J3,134.998253,-69.088001,0.0,top
J4,133.474253,-69.088001,0.0,top
J5,155.191253,-69.088001,0.0,top
J6,190.624253,-143.002001,0.0,top
U1,180.591253,-76.327001,0.0,top
U2,155.211532,-44.560321,0.0,top
U3,185.671253,-20.396201,0.0,top
